2019-12-22 21:15:51+00:00,Ha ha ha ... Dulu waktu ngomongin ASN radikal dan celana cingkrang di puji2. Kok tiba2 berubah ...?
2019-12-20 02:41:51+00:00,"Aku wong bodo politik, tp menurutku lihat videonya ""celana cingkrang,jenggot,ga mau salaman"" = radikal ? Kan dlm islam jg diajarkan"
2019-12-20 00:56:48+00:00,ASN yang sukarela pakai celana cingkrang pak?
2019-12-15 13:25:43+00:00,"5. Islamofobia yang diidap oleh penguasa saat ini, tampak jelas dari berbagai pernyataan, program, maupun kebijakan-kebijakan yang diambilnya. Begitu dilantik sebagai menteri agama, Fachrul Razi langsung mewacanakan pelarangan hijab dan celana cingkrang bagi ASN. #StopIslamofobia"
2019-12-15 02:59:56+00:00,"Islamofobia yang diidap oleh penguasa saat ini, tampak jelas dari berbagai pernyataan, program, maupun kebijakan-kebijakan yang diambilnya. Begitu dilantik sebagai menteri agama, Fachrul Razi langsung mewacanakan pelarangan hijab dan celana cingkrang bagi ASN. #StopIslamophobia"
2019-12-13 10:43:42+00:00,"Cadar bukan ajaran Islam. Celana cingkrang bukan ajaran Islam. Tidak ada larangan jika ada yang menggunakan atau tidak. Tapi khusus ASN ada aturan berpakaian, maka cadar dan cingkrang gak boleh. Kenapa larangan itu diarahkan seolah-olah bertentangan dengan Islam? #Sakit"
2019-12-09 17:12:45+00:00,"Kok jadi radikal?? Ini pertanyaan yang di gadang kan oleh para umat 212, mereka tidak terima ketika teriakan nya di sebut radikal, lalu di sisi lain ada peraturan celana ASN tidak boleh cingkrang dan tidak boleh berniqab. Kebiasaan umat 212 yng sudah benci dan selalu diskredit"
2019-12-08 05:30:56+00:00,Guru Besar IPDN Kritik Larangan ASN Bercadar dan Celana Cingkrang 
2019-12-08 03:29:25+00:00,#BeritaIslam: Guru Besar IPDN Kritik Larangan ASN Bercadar dan Celana Cingkrang https://www.eramuslim.com/berita/nasional/guru-besar-ipdn-kritik-larangan-asn-bercadar-dan-celana-cingkrang.htm
2019-12-07 12:45:46+00:00,Guru Besar IPDN Kritik Larangan ASN Bercadar dan Celana Cingkrang https://www.idtoday.co/2019/12/guru-besar-ipdn-kritik-larangan-asn.html
2019-12-07 10:49:05+00:00,Guru Besar IPDN Kritik Larangan ASN Bercadar dan Celana Cingkrang https://www.gelora.co/2019/12/guru-besar-ipdn-kritik-larangan-asn.html
2019-12-07 06:01:33+00:00,Dosen UI angkat bicara soal wacana larangan bagi ASN menggunakan cadar dan celana cingkrang. 
2019-12-06 05:24:30+00:00,"kasihan ASN, punya harta banyak d curigai korupsi celana cingkrang n jidad bertanda curigai radikal, "
2019-12-06 04:25:07+00:00,Apakah ASN yg dimaksud menyerukan ganti Pancasila? Apakah ukuran mereka di cap radikal? Pakai celana cingkrang? Pakai penutup wajah? Berjenggot?
2019-12-01 09:11:53+00:00,terus asn yg pake cadar dan celana cingkrang gimana ?? wkwkwk bahlul ente
2019-11-30 06:48:32+00:00,"Seperti demam panggung bapak ini. Larangan cadar dan celana cingkrang untuk ASN diralat dan minta maaf. Rekomendasi perpanjangan FPI, ngga teliti baca AD/ART, kekerasan bacotan dan fisik yang pernah mrk lakukan."
2019-11-29 23:21:03+00:00,"Gampaaaang...stlh ttd diatas meterai 6000....silahkan lanjutkan bercelana cingkrang &amp; bercadar, berlaku bukan hanya utk ASN aja tp buat seluruh WNI....mdh aja koq skrg bilang A besok H lusa Z... hilangkan radikalisme tp biangnya dibiarkan sakarepmu lah"
2019-11-29 16:41:25+00:00,"Aturan tetap aturan, sama kayak celana cingkrang gg boleh dipakek sama ASN"
2019-11-29 16:22:36+00:00,"Begitu dilantik: Saya tidak menteri agama islam,tapi menteri semua agama yg ada di indonesia, OK... ASN dilarang pakai cadar/celana cingkrang. mulai..?. FPI setia kepada pancasila...???????????????????. Lalu orang bingung,kok menag main duduk tanpa arah sih.,.?????"
2019-11-29 16:03:31+00:00,"Min terkait pasal 27 ayat 2, tolong jelasin ini yah ""Kalau di TNI enggak boleh, di ASN juga enggak boleh [pakai cadar dan celana cingkrang]. Di sana kan ada aturannya sendiri,"" ujar Menteri Agama, Fachrul Razi di DPR, Kamis (07/11).8 Nov 2019"
2019-11-29 15:46:44+00:00,"Sy bukan menteri agama islam, cingkrang dan cadar dilarang di asn, fpi setia nkri dan pancasila, lusa apalagi ya yg diviralkan menag..... #RakyatTolakKerasFPI #RakyatTolakKerasFPI #RakyatTolakKerasFPI"
2019-11-29 11:43:11+00:00,"Awal koar2 menegakan Toleransi n bubarkan Radikalisme. ""Saya menteri semua agama Dilingkungan ASN dilarang pake jilbab dan celana cingkrang"" Berselang berapa minggu, TUNDUK Tiarap dibawah kaki Ormas bajingan FPI.. Kayak kucing kesiram air panas "
2019-11-29 05:49:51+00:00,"@Gerindra Teriak2 bela LGBT for ASN, lain waktu malah minta aturan ASN agar dilarang Bercadar dan Cingkrang.. HAM?? Itu di atas 2 contoh HAM, tapi beda perlakuan.. Ask why???or ask for whom?? We DoNot Forget, We Do Not Forgive..! "
2019-11-29 04:56:41+00:00,"Awal2 statement ""Aq menteri semua agama.. Stop jilbab dan celana cingkrang di lingkungan ASN"" Sama FPI nyali ciut Udah Tau FPI Track record.bahaya bagi Toleransi negara. Klo kaga berani biar masyarakat ada bubarin pake hukum Rimba"
2019-11-29 02:38:06+00:00,"Cadar, janggut, cingkrang gak masalah. TAPI kalo harus lepas cadar kalo jadi ASN ya harus ditaati."
2019-11-28 21:31:51+00:00,"Lah itu ada yg nglarang cingkrang ama cadar di ASN,ngapa diem2 bae?"
2019-11-28 16:23:27+00:00,"Kemaren waktu wacana celana cingkrang dan cadar dilarang bagi ASN, mereka harus ikut aturan pemerintah kalau gak mau nurut resign bla...bla...bla Skrg LGBT dilarang daftar CPNS Kejaksaan RI, katanya Hak azasi bla...bla Dasar kaum standar ganda"
2019-11-28 15:58:40+00:00,"Kemaren waktu Menag masalahin yg celana cingkrang dan bercadar kerja sebagai ASN dan pegawai BUMN, akun partai itu kok gak teriak2 soal kasih sayang, sesama makhluk Allah gak boleh dihilangin HAK nya ya uni?"
2019-11-28 12:08:21+00:00,HAM harus di junjung tinggi. ASN tdk apa apa pakaj cadar dan celana cingkrang. ASN tdk apa apa LGBT. Keadilan bagi semuanya. 
2019-11-28 06:42:37+00:00,Dan anehnya sampai ada muncul wacana pelarangan penggunaan cadar dan celana cingkrang bagi ASN yang seolah penggunanya terpapar radikalisme agama. Tapi para elite gagap ketika radikalisme liberal berhasil merusak sendi kehidupan sosial masyarakatnya. Radikal Radikul euy! 
2019-11-28 04:02:41+00:00,"Hari 1 : Tidak boleh ada cingkrang dan cadar | diprotes Hari 2 : Cingkrang dan cadar tidak boleh di lingkungan ASN | diprotes Hari 3 : aturan itu berlaku di lingkungan kemenag | diprotes lagi Hari hari selanjutnya : hanya berlaku di binmas kristen, budha, tapir minoritas lainnya."
2019-11-28 01:51:56+00:00,"yg diurus maunya yg gini2. ngapain yg diurus sgala asn cadar &amp; cingkrang. itu cm akibat. kalo ""sebab-sebab""nya dibrantas, ""akibat-akibat""nya pst ikut ilang"
2019-11-28 01:22:51+00:00,"#politikBarter Celana cingkrang dn cadar tidak boleh dikenakan ASN, &gt;&lt;orientasi seksual syarat masuk ASN. Prabowo jadi menteri &gt;&lt; Ahok komisari pertamina Rizieq Shihab ga balik &gt;&lt; FPI lanjut Menyusul RUU-PKS &gt;&lt;Revisi UU KPK entah mau gimana barterannya "
2019-11-27 23:58:43+00:00,"Apalagi saat bahas ASN Cingkrang dan Cadar, dengan suara lantang, serak (((KELUAAAAAR))) Eh sekarang koq jadi kayak yg di film Susana..... (((Bokir Kecuuuuuuuuuuut)))"
2019-11-26 09:58:30+00:00,"agnez mo tidak bercadar palagi bercelana cingkrang, nasionalisme mu tak kan pudar walau mengaku tdk memiliki darah indonesia, palagi agnez bkn ASN tenang sj tetp berkarya menag tak kan mencampuri urusanmu"
2019-11-25 19:14:12+00:00,"menteri agama larang Orang bercadar dan celana cingkrang masuk ASN.. Partai Islam Diam ?!! Kejagung larang LGBT daftar CPNS.. Partai Islam Ngamuk"" ?!! disitulah kalian terlihat ngegemesin #ObrolanLelaki"
2019-11-24 15:57:35+00:00,"Cingkrang tak boleh asn, Maka sarung pun diganti celana. Yai pun berganti sebutan."
2019-11-24 13:12:11+00:00,"Iyak, ktika Menag melarang clana cingkrang dan cadar di Kementeriannya, doi diam bae. Tdk memandang hal itu diskriminatif. Eeh...ktika Kejagung melarang LGBT jadi ASN, tetiba doi tereak diakriminatif. Liberal celup. "
2019-11-24 12:58:07+00:00,Lhoiya bang Mule. Menag kita persoalkan sejak teriak2 soal celana cingkrang. Ngapain sih Menag urus fashion ASN. Biar diurus sama KemenPAN&amp;RB bekerjasama dengan Itang Yunasz atau Ivan Gunawan aja.
2019-11-24 05:45:09+00:00,Banyak pak..noh di BUMN2 dan ASN byk terpapar radikalis..pd mo gnti srgam pke celana cingkrang sm cadar...mo ngarab lbh dr Arab..pdhl negara kita pny identitas sdri tp mlh bangga pke indentitas negara laen...
2019-11-22 13:54:39+00:00,Larangan Cadar dan Celana Cingkrang yg dianggap gak sesuai dengan aturan ASN lo gak komen...?
2019-11-22 08:14:31+00:00,"Pak menag harusnya juga malu, masa ASN gaboleh pake celana cingkrang. Malu pak. "
2019-11-22 06:47:23+00:00,"Nu kieu disebut melanggar HAM. Ketika Menag melarang ASN bercadar dan bercelana cingkrang,suara kalian kemana?? Hak Asasi Manusia MY ASS!!! "
2019-11-22 03:42:32+00:00,"Sama aja sih kaya larangan cadar, celana cingkrang buat ASN. katanya kemarin suruh naatin aturan, gini aja langsung koar2 diskriminasi. Lah yg kemaren apa juga dong?"
2019-11-21 16:12:32+00:00,Tidak jauh beda ketika pemerintah menyatakan opini mereka mengenai larangan Cadar dan celana cingkrang para ASN. Yg di sebabkan oleh segelintir org pelaku bom laknatullah
2019-11-21 10:28:37+00:00,"Kepada para ulama, Menag tegaskan dirinya tidak pernah melarang celana cingkrang dan cadar. Menag hanya minta ASN patuhi aturan yg sudah disepakati, termasuk Surat Keputusan Bersama (SKB) tentang Penanganan Radikalisme ASN dalam rangka Penguatan Wawasan Kebangsaan pada ASN. "
2019-11-21 08:39:28+00:00,https://mobile.twitter.com/TukangC81051970 Penampilan cingkrang seperti ini dilarang menjadi ASN.
2019-11-21 03:52:52+00:00,Simpati sih sah saja.... Cuma kita gak bisa menyalahkan karna mungkin itulah aturan dari institusi POLRI.... Seperti ASN cingkrang dan cadar di kantor dinas... itu aturan institusi tsb.. SEMOGA SEMUA ADALAH KEDISIPLINAN...
2019-11-21 01:26:11+00:00,"Asn dilarang menggunakan Celana Cingkrang dan Cadar: ""Kementerian Agama laknatullah, gausah menganggu ranah privat lah"". Asn dilarang LGBT: ""Bagus lah, LGBT najis"". Gay itu emang suka cowo, tapi ga semua cowo dia suka, sama kaya yg hetero. Double standard."
2019-11-20 08:02:16+00:00,"Gak suka aturannya ya silahkan angkat kaki dr Yogyakarta, sama aja kan sama aturan pemerintah melarang asn bercelana cingkrang &amp; bercadar... Karena sudah ada aturannya... Sampe sini paham koh...."
2019-11-20 03:49:46+00:00,"Rasulullah Saw pake gamis, g pake celana cingkrang. Sedang celana cingkrang lebih cenderung pakaian ala Afghanistan. Jd, sah2 aja atribut itu dilarang atas dasar peraturan pakaian PNS/ASN"
2019-11-20 02:18:35+00:00,"Kenapa Ahmad Dani tak bisa, terus Ahok bisa, berarti itu sudah melanggar SARA dong . Gue sih kalau liberal ASN mau cingkrang, cadar silakan. Terpapar khilafah silakan, baru terpapar saja takut . Jangan2 kalau saya memaparkan demokrasi liberal, kalian juga ketakutan "
2019-11-20 00:44:17+00:00,"sengaja ASN yg pake atribut cingkrang, jenggotan, cadar, khilafat mau di pecatin dari BUMN, karna REKAN2 CINA nya mau di masukin ke BUMN. ooo gitu. #AhokBikinRusuhNegri"
2019-11-19 22:34:10+00:00,"Baca Untuk ASN, diluar itu TERSERAH, mau cingkrang, cungkring, cankring..."
2019-11-19 14:17:40+00:00,"Bener, tapi diperbolehkan juga dong buat ASN yg memakai cingkrang, Hijab, Burqa dan cadar. Baca kalimat bersamaan kedudukannya, dan satu lagi agar dihapuskan juga dong syarat SKCK untuk lamaran pegawai ASN, BUMN dan pemerintahan lain, gimana. Itu sesuai pasal 27 "
2019-11-19 00:48:40+00:00,Urus aja buzer jkw kasus bu suk... jgn urus ustad or asn or cadar or cingkrang... 
2019-11-19 00:14:07+00:00,"@Kemenag_RI anda meminta Asn berbicara hati"".. anda berbicara ttg cadar dan celana cingkrang itu sdh menyakiti byk org. "
2019-11-18 14:38:09+00:00,Penggunaan cadar + celana cingkrang Tetap di larang untuk asn dilinggkungan menag Ngk berubah ko Kalau bukan asn bebas
2019-11-18 11:36:03+00:00,"""Mungkin teman-teman tidak tahu saya adalah pecinta celana cingkrang,"" kata Fachrul dihadapan para ASN Kemenag Aceh. "
2019-11-17 22:52:27+00:00,"Sebaiknya larangan cadar dan cingkrang itu jangan cuma diperuntukkan untuk ASN saja, tapi juga untuk semua kalangan. Laki-laki ga boleh bercadar, perempuan jangan cingkrang. Gitu. "
2019-11-17 20:07:29+00:00,"Stop kurikulum, varietas baru namanya keluarga presiden, sertifikasi layak nikah, larangan cadar dan celana cingkrang bagi ASN, Ahok ke BUMN, ini.... #ApaSik ?"
2019-11-17 15:58:30+00:00,"Lemes mergo amggaran buzzer 5 M ketahuan. Udah gitu BUMN mo diberisihin dari bau pasir gurun lagi... Asn disuruh tampil modis ala Indonesia, enggak celana kurang pas alias cingkrang. Tamatlah keuangan kadrun. Tinggal yg dari rekening ngulama. Hahahaha..."
2019-11-17 14:38:50+00:00,lo mau pake celana cingkrang juga bodo mat gw ga urusan .. laku kenapa ASN dan pegawai pemerintah ente larang pakai celana cingkrang 
2019-11-17 11:51:06+00:00,"Setelah ada larangan ASN memakai cadar dan celana cingkrang, bisa jadi setelah itu akan ada larangan ASN memelihara jenggot panjang."
2019-11-17 00:43:55+00:00,Ini dapat di usulkan menjadi Pakaian resmi ASN dimasa depan....agar terhindar dari hingar bingar celana Cingkrang dan Cadar... 
2019-11-17 00:15:46+00:00,"@Kemenag_RI , @Kemendagri_RI saya belum pernah melihat yg cingkrang, yg jidatnya gosong2, yg ber cadar2 meneriakkan NKRI harga Mati, ASN di Pati mohon dikoreksi"
2019-11-16 23:45:47+00:00,Negara punya aturan sendiri dlm merekrut ASN pegawainya : 1. tdk bercadar 2. tdk celana cingkrang 3.tidak LGBT / Homoseksual 4. tdk terpapar sbg anggota partai terlarang /orgnsasi radikal (PKI/HTI) Semua itu biar ASN netral bro! Jd nggak usah banyak bacot +jd provokator!
2019-11-15 10:47:25+00:00,"GILIRAN YG NGEBOM ( CELANA CINGKRANG , RAJIN IBADAH , ISTRI BERCADAR ) ...MUI BILANG TIDAK BERAGAMA ....MENNAG LARANG SEMUA ASN BERCELANA CINGRANG &amp; BERCADAR DEMI UTK KEAMANAN....MUI BILANG MENYSLAHKAN HAK BERIBADAH ...MUI BENAR2 ..MUNAFIK MAFIA MAFIA MUI...."
2019-11-15 08:32:19+00:00,"Ayah Naen, masing2 instansi ada aturan formal soal pakaian dinas. jangankan di kantor pemerintah, di kantor saya jg ada aturannya. Jgnkan celana cingkrang, baju yg ketat jg dilarang, apalagi pakai rok mini. kalau ngga mau, buat perusahaan sendiri, jangan jadi ASN"
2019-11-15 06:44:23+00:00,"Thank you in advance. 1. Menag uda bikin wacana asn jgn pake cadar/celana cingkrang, tapi kementrian lain, misal mentri pemberdayaan aparatur, kementrian lain kok ga ngomong hal yg sama. Jadi kaya gak integrated gitu kerja antar kementrian 2. Sampe seserius apa sih memberantas--"
2019-11-15 02:12:12+00:00,"Kau ini knp? Jgn muter2 mulu, jgnkan cadar,coba kasi gw alasan knp celana cingkrang dilarang di ASN?"
2019-11-15 01:03:14+00:00,Dari kapan2 saya sdh sering bilang..jgn ASN yg dilarang celana cingkrang dan bercadar..BUMN tuh di screen..di sana byk pegawai2 pemuja jonru dan somad.. Cb sesekali main ke pertamina di balikpapan..lihat karyawan2nya kyk apa
2019-11-22 13:54:39+00:00,Larangan Cadar dan Celana Cingkrang yg dianggap gak sesuai dengan aturan ASN lo gak komen...?
2019-11-22 08:14:31+00:00,"Pak menag harusnya juga malu, masa ASN gaboleh pake celana cingkrang. Malu pak. "
2019-11-22 06:47:23+00:00,"Nu kieu disebut melanggar HAM. Ketika Menag melarang ASN bercadar dan bercelana cingkrang,suara kalian kemana?? Hak Asasi Manusia MY ASS!!! "
2019-11-22 03:42:32+00:00,"Sama aja sih kaya larangan cadar, celana cingkrang buat ASN. katanya kemarin suruh naatin aturan, gini aja langsung koar2 diskriminasi. Lah yg kemaren apa juga dong?"
2019-11-21 16:12:32+00:00,Tidak jauh beda ketika pemerintah menyatakan opini mereka mengenai larangan Cadar dan celana cingkrang para ASN. Yg di sebabkan oleh segelintir org pelaku bom laknatullah
2019-11-21 10:28:37+00:00,"Kepada para ulama, Menag tegaskan dirinya tidak pernah melarang celana cingkrang dan cadar. Menag hanya minta ASN patuhi aturan yg sudah disepakati, termasuk Surat Keputusan Bersama (SKB) tentang Penanganan Radikalisme ASN dalam rangka Penguatan Wawasan Kebangsaan pada ASN. "
2019-11-21 08:39:28+00:00,https://mobile.twitter.com/TukangC81051970 Penampilan cingkrang seperti ini dilarang menjadi ASN.
2019-11-21 03:52:52+00:00,Simpati sih sah saja.... Cuma kita gak bisa menyalahkan karna mungkin itulah aturan dari institusi POLRI.... Seperti ASN cingkrang dan cadar di kantor dinas... itu aturan institusi tsb.. SEMOGA SEMUA ADALAH KEDISIPLINAN...
2019-11-21 01:26:11+00:00,"Asn dilarang menggunakan Celana Cingkrang dan Cadar: ""Kementerian Agama laknatullah, gausah menganggu ranah privat lah"". Asn dilarang LGBT: ""Bagus lah, LGBT najis"". Gay itu emang suka cowo, tapi ga semua cowo dia suka, sama kaya yg hetero. Double standard."
2019-11-20 08:02:16+00:00,"Gak suka aturannya ya silahkan angkat kaki dr Yogyakarta, sama aja kan sama aturan pemerintah melarang asn bercelana cingkrang &amp; bercadar... Karena sudah ada aturannya... Sampe sini paham koh...."
2019-11-20 03:49:46+00:00,"Rasulullah Saw pake gamis, g pake celana cingkrang. Sedang celana cingkrang lebih cenderung pakaian ala Afghanistan. Jd, sah2 aja atribut itu dilarang atas dasar peraturan pakaian PNS/ASN"
2019-11-20 02:18:35+00:00,"Kenapa Ahmad Dani tak bisa, terus Ahok bisa, berarti itu sudah melanggar SARA dong . Gue sih kalau liberal ASN mau cingkrang, cadar silakan. Terpapar khilafah silakan, baru terpapar saja takut . Jangan2 kalau saya memaparkan demokrasi liberal, kalian juga ketakutan "
2019-11-20 00:44:17+00:00,"sengaja ASN yg pake atribut cingkrang, jenggotan, cadar, khilafat mau di pecatin dari BUMN, karna REKAN2 CINA nya mau di masukin ke BUMN. ooo gitu. #AhokBikinRusuhNegri"
2019-11-19 22:34:10+00:00,"Baca Untuk ASN, diluar itu TERSERAH, mau cingkrang, cungkring, cankring..."
2019-11-19 14:17:40+00:00,"Bener, tapi diperbolehkan juga dong buat ASN yg memakai cingkrang, Hijab, Burqa dan cadar. Baca kalimat bersamaan kedudukannya, dan satu lagi agar dihapuskan juga dong syarat SKCK untuk lamaran pegawai ASN, BUMN dan pemerintahan lain, gimana. Itu sesuai pasal 27 "
2019-11-19 00:48:40+00:00,Urus aja buzer jkw kasus bu suk... jgn urus ustad or asn or cadar or cingkrang... 
2019-11-19 00:14:07+00:00,"@Kemenag_RI anda meminta Asn berbicara hati"".. anda berbicara ttg cadar dan celana cingkrang itu sdh menyakiti byk org. "
2019-11-18 14:38:09+00:00,Penggunaan cadar + celana cingkrang Tetap di larang untuk asn dilinggkungan menag Ngk berubah ko Kalau bukan asn bebas
2019-11-18 11:36:03+00:00,"""Mungkin teman-teman tidak tahu saya adalah pecinta celana cingkrang,"" kata Fachrul dihadapan para ASN Kemenag Aceh. "
2019-11-17 22:52:27+00:00,"Sebaiknya larangan cadar dan cingkrang itu jangan cuma diperuntukkan untuk ASN saja, tapi juga untuk semua kalangan. Laki-laki ga boleh bercadar, perempuan jangan cingkrang. Gitu. "
2019-11-17 20:07:29+00:00,"Stop kurikulum, varietas baru namanya keluarga presiden, sertifikasi layak nikah, larangan cadar dan celana cingkrang bagi ASN, Ahok ke BUMN, ini.... #ApaSik ?"
2019-11-17 15:58:30+00:00,"Lemes mergo amggaran buzzer 5 M ketahuan. Udah gitu BUMN mo diberisihin dari bau pasir gurun lagi... Asn disuruh tampil modis ala Indonesia, enggak celana kurang pas alias cingkrang. Tamatlah keuangan kadrun. Tinggal yg dari rekening ngulama. Hahahaha..."
2019-11-17 14:38:50+00:00,lo mau pake celana cingkrang juga bodo mat gw ga urusan .. laku kenapa ASN dan pegawai pemerintah ente larang pakai celana cingkrang 
2019-11-17 11:51:06+00:00,"Setelah ada larangan ASN memakai cadar dan celana cingkrang, bisa jadi setelah itu akan ada larangan ASN memelihara jenggot panjang."
2019-11-17 00:43:55+00:00,Ini dapat di usulkan menjadi Pakaian resmi ASN dimasa depan....agar terhindar dari hingar bingar celana Cingkrang dan Cadar... 
2019-11-17 00:15:46+00:00,"@Kemenag_RI , @Kemendagri_RI saya belum pernah melihat yg cingkrang, yg jidatnya gosong2, yg ber cadar2 meneriakkan NKRI harga Mati, ASN di Pati mohon dikoreksi"
2019-11-16 23:45:47+00:00,Negara punya aturan sendiri dlm merekrut ASN pegawainya : 1. tdk bercadar 2. tdk celana cingkrang 3.tidak LGBT / Homoseksual 4. tdk terpapar sbg anggota partai terlarang /orgnsasi radikal (PKI/HTI) Semua itu biar ASN netral bro! Jd nggak usah banyak bacot +jd provokator!
2019-11-15 10:47:25+00:00,"GILIRAN YG NGEBOM ( CELANA CINGKRANG , RAJIN IBADAH , ISTRI BERCADAR ) ...MUI BILANG TIDAK BERAGAMA ....MENNAG LARANG SEMUA ASN BERCELANA CINGRANG &amp; BERCADAR DEMI UTK KEAMANAN....MUI BILANG MENYSLAHKAN HAK BERIBADAH ...MUI BENAR2 ..MUNAFIK MAFIA MAFIA MUI...."
2019-11-15 08:32:19+00:00,"Ayah Naen, masing2 instansi ada aturan formal soal pakaian dinas. jangankan di kantor pemerintah, di kantor saya jg ada aturannya. Jgnkan celana cingkrang, baju yg ketat jg dilarang, apalagi pakai rok mini. kalau ngga mau, buat perusahaan sendiri, jangan jadi ASN"
2019-11-15 06:44:23+00:00,"Thank you in advance. 1. Menag uda bikin wacana asn jgn pake cadar/celana cingkrang, tapi kementrian lain, misal mentri pemberdayaan aparatur, kementrian lain kok ga ngomong hal yg sama. Jadi kaya gak integrated gitu kerja antar kementrian 2. Sampe seserius apa sih memberantas--"
2019-11-15 02:12:12+00:00,"Kau ini knp? Jgn muter2 mulu, jgnkan cadar,coba kasi gw alasan knp celana cingkrang dilarang di ASN?"
2019-11-15 01:03:14+00:00,Dari kapan2 saya sdh sering bilang..jgn ASN yg dilarang celana cingkrang dan bercadar..BUMN tuh di screen..di sana byk pegawai2 pemuja jonru dan somad.. Cb sesekali main ke pertamina di balikpapan..lihat karyawan2nya kyk apa
2019-11-15 01:00:19+00:00,"Portal ASN diluncurkan, cap radikal dimulai dari celana cingkrang. My byutipul kantri"
2019-11-15 00:48:47+00:00,Yang pkai cadar dn celana cingkrang langsung di pecat dri ASN walaupun gak ada masalah dengan hukum.....parah
2019-11-15 00:29:50+00:00,"Dulu, Gembong PKI, Musso, Mengejek Menteri Bung Karno, KH Agussalim dgn Mengatakan ""MBEK"" krn Beliau Berjenggot. Beliau CINGKRANG Bisa Jadi Menteri. Sekarang Manusia Anti Islam dan Umat Islam Mengejek Jenggot, Menuduh Celana Cingkrang sbg RADIKAL, Tdk Boleh Jadi ASN. Paham? Siap?"
2019-11-15 00:19:34+00:00,"Otakmu rupanya ikutan cingkrang... Kalo mau jadi ASN harus terima aturan itu, kalo ga mau terima keluar..... Pilihan ada pada si cingkrang dan si cadar."
2019-11-15 00:08:09+00:00,Klo cuma lupa mencet tombol lift mah gk bhya.. yg bahaya itu.. klo gegara ASN gk boleh trpapar Radikal Radikul.. dilarang pke celana cingkrang.. ehh.. antum berangkat kerja.. lupa pakai celana.. waduuhh.. bisa repot tuh urusan.. 
2019-11-14 23:06:10+00:00,"Kalo lu ga suka peraturan dilarang pake celana cingkrang ama bercadar,keluar saja ga usah jadi asn, masih banyak yg berjubel yg siap mengganti kan"
2019-11-14 16:42:36+00:00,"Dri dulu aku bilang apa ASN BUMN Itu gudang kadrun...mereka bangga bangga posting di aksi bersilit silit Ngantor pakai celana cingkrang Mungkin juga biaya aksi kadeun mereka yg saweran, atau kalau nggak ya bini mereka yg aktif"
2019-11-14 16:24:32+00:00,"Lho.... Bukannya Satpol PP singkatan dari Satun Polisi Pamong Praja... Coba rahasia ASN yang pakai rok cingkrang, baju ketat, rambut pirang di cat... Dulu PNS wanita memakai rok dibawah lutut...sekarang banyak di atas lutut...coba di razia itu"
2019-11-14 14:42:36+00:00,Knp teroris itu identik dgn pria bercelana cingkrang dan wanita bercadar???Apakah ini harus kita biarkan??Saatnya pemerintah @jokowi @DPR_RI @mprgoid @PolhukamRI @Kemenag_RI &amp; @Kemendagri_RI bersih2 ASN cingkrang dan bercadar #TangkapBuzzerTeroris
2019-11-14 13:15:18+00:00,"Kalau pengen tetep cingkrang dan pakai cadar , keluar aja dari ASN masih banyak kok rejeki diluar sana. Gitu aja repot !!!"
2019-11-14 12:06:27+00:00,Pegawai ASN TDK boleh bercadar &amp; Celana Cingkrang supaya digantikan org2 generasi PKI atau MUNAFIK. 
2019-11-14 10:33:24+00:00,Makanya Panjul kalau Goblok jgn di borong semua...Pemerintah tdk prnh larang bercelana cingkrang untuk menjadi ASN tp melarang pakai celana cingkrang sewaktu bekerja di lingkungan pemerintah. Setelah tdk di lingkungan kerja mau pakai celana seselangkangan juga gk ada yg larang.
2019-11-14 09:38:47+00:00,"DUL, mmgnya sdh ada aturan kalo celana cingkrang gak boleh jadi ASN?"
2019-11-14 08:40:10+00:00,Owh iya itu baguslah kalau tahu ada aturan pakaian ASN jadi sudah jelas ya celana cingkrang sama cadar bukan pakaian ASN...jadi ada aturan pakaiannya. 
2019-11-14 06:29:38+00:00,Lah terus kenapa anda tulis orang pakai celana cingkrang tidak boleh jadi ASN ??
2019-11-14 06:24:33+00:00,Lah kata kata pak Zul yg cingkrang tidak boleh jadi ASN hoax jadi ya gmn sih nih?
2019-11-14 06:16:41+00:00,Bukan gitu kata kata terakhir pak tengku ibarat klw celana cingkrang tdk boleh jadi ASN gitu...mungkin sy salah memahami perjuangan org cingkrang di ASN
2019-11-14 06:04:01+00:00,Tdk ada UU yg melarang ASN pakai Celana Cingkrang. Ngapain ke MK?
2019-11-14 06:03:26+00:00,"Kata terakhir pak tengku ""tdk boleh jadi ASN"" jadi kelompok cingkrang boleh mengajukan revisi UU pakaian ASN agar cingkrang bisa jadi ASN gitu maksudku pak..."
2019-11-14 05:31:21+00:00,Masalahnya UU ASN itu dibuat oleh siapa sih?kenapa kelompok cingkrang gak mengajukan gugatan ke MK kan situ pinter cuap cuap di Twitter coba kasih bantuan hukum ke MK...beres to 
2019-11-14 05:08:02+00:00,"Dulu, Gembong PKI, Musso, Mengejek Menteri Bung Karno, KH Agussalim dgn Mengatakan ""MBEK"" krn Beliau Berjenggot. Beliau CINGKRANG Bisa Jadi Menteri. Sekarang Manusia Anti Islam dan Umat Islam Mengejek Jenggot, Menuduh Celana Cingkrang sbg RADIKAL, Tdk Boleh Jadi ASN. Paham? Siap? "
2019-11-14 03:30:00+00:00,Menteri Agama Fachrul Razi mewacanakan akan membuat larangan mengenakan celana cingkrang dan cadar bagi ASN namun hal itu mengundang reaksi dari beberapa pihak https://www.sumber.com/news/hukum-politik/bukan-celana-cingkrang-atau-cadar-bomber-medan-pake-jaket-ojol #SumberBerbagi #HukumPolitik
2019-11-13 13:07:01+00:00,Wong kerjo diatur kui udah seharusnya... Ini menag kan ngomong ke asn bukan ke orang umum.... Mau cingkrang congkrang cadar atau apa bebas gak boleh ad orang ngelarang
2019-11-13 08:52:51+00:00,"Sengaja pke seragam ojol, biar nanti kadrun pake argumen itu buat batalin standar pakaian ASN yg melarang cadar &amp; cingkrang di lingkungan pemerintah #salambudayaIndonesia #khilafahoutnkrimaju"
2019-11-13 06:51:52+00:00,"Semua kita mngutuk pelakunya, titik. Tdk perlu nyinyir dikaitka cln cingkrang. Kl mau nyindir menag kan jelas ada aturan Asn."
2019-11-13 05:10:17+00:00,"Apakah karena ini, cadar dan celana cingkrang dilarang dipergunakan oleh ASN ??? "
2019-11-13 04:24:54+00:00,Definisi asn radikal itu yg gmn y? Hrs jelas dulu aturannya. Jangan ntar hanya gegara celana cingkrang dilaporkan.
2019-11-13 03:31:52+00:00,Pemerintah Tak Serta Merta Pecat ASN Berjenggot dan Bercelana Cingkrang https://www.realitarakyat.com/2019/11/13/pemerintah-tak-serta-merta-pecat-asn-berjenggot-dan-bercelana-cingkrang/
2019-11-13 01:19:19+00:00,"Di Kabupaten Gorontalo, ASN boleh Pakai Cadar dan Celana Cingkrang - http://60dtk.com"
2019-11-13 01:10:53+00:00,Mas...coba tanyakan ke mereka terutama para anggota dewan yang terhormat itu yang kemarin teriak-teriak mempertanyakan UUD'45 pasal 29 ayat 2 hanya gara2 aturan celana cingkrang dan cadar untuk ASN...kalo masalah yg lebih besar ini bacotnya mereka pada kemana??para munafik diam??
2019-11-12 21:56:42+00:00,"Hadang Jenggot, Celana Cingkrang dan Cadar, Pemerintah Bentuk Taskforce dan Portal Aduan Radikalisme ASN - LUGAS-Potensi Rakyat dijebak saling fitnah. "
2019-11-12 14:20:19+00:00,"Di awal masa jabatan, Fachrul Razi langsung memantik kontroversi. Mulai dari larangan cadar & celana cingkrang di lingkungan ASN, doa campuran Bahasa Arab &amp; Indonesia, hingga menulis ulang buku pelajaran agama. #MataNajwaSengatanMenteriAgama. Rabu (13/11) LIVE 20.00 WIB @TRANS7."
2019-11-12 14:16:12+00:00,Kemarin hanya gara2 aturan celana cingkrang dan cadar untuk ASN para pemilik surga dari pegawai rendahan sampai anggota dewan terhormat teriak soal UUD'45 pasal 29 ayat 2...tapi ada kejadian seperti ini langsung mingkem dan pura2 gak tau...dasar munafik!! 
2019-11-12 08:06:45+00:00,"kalau yang terpapar maling bagaimana? maling uang rakyat paling banyak dilakukan ASN, perampok uang rakyat lebih bahaya dari sekedar jenggot dan celana cingkrang! "
2019-11-12 06:58:48+00:00,"Wakil Ketua Komisi VIII DPR dari Fraksi Gerindra, Muklas Sidik mengusulkan agar Menteri Agama Fachrul Razi tegas saja mengeluarkan aturan yang melarang aparatur sipil negara (ASN) mengenakan cadar dan celana cingkrang. - Nasional http://Tempo.co"
2019-11-12 03:31:02+00:00,"Yg dibutuhkan skrg bkn lg gagasan apalg debat! Tp Aturan yg mengikat bhw 1. Khilafah terlarang 2. Cingkrang&amp;cadar dilarang sbg seragam ASN &amp; pejabat negara 3. hilangkan gagasan wisata ramah muslim! Bsk kan muncul ramah agama lainnya, kelompok ttt, ramah LGBT ngeri pak!"
2019-11-11 14:40:50+00:00,"Di media rame disebutkan @Kemenag_RI Fahrur Razi melarang Cadar, benarkah demikian? Orang pake Cadar dipersilahkan, tapi kalau di kementrian dibuat (larangan cadar &amp; cingkrang) di TNI, ASN gak boleh, ya iya dong, disana kan punya aturannya sendiri. "
2019-11-11 14:02:38+00:00,"Sdh seharusnya menteri berbicara soal cadar dan celanan cingkrang dilingkungan ASN dan PNS karena sdh ada aturannya. Diluar dinas maka bebas bagi mereka untuk berpakaian cingkrang ,cadar.jd jgn diplintir pidato pak menteri agama."
2019-11-11 11:42:28+00:00,Peraturan Menteri Dalam Negeri Nomor 6 Tahun 2016 mewajibkan ASN pria mengenakan celana panjang yang menutupi mata kaki. Sedangkan ujung celana cingkrang di atas mata kaki. Jadi mereka yang bekerja di institusi seharusnya mengikuti aturan yang berlaku. 
2019-11-11 10:54:38+00:00,"Menteri Agama Fachrur Razi menegaskan, Silahkan orang mau pakai cadar, tapi kalau di kementerian dibuat ( larangan cadar dan cingkrang), di TNI tidak diperbolehkan, ASN juga, ya pasti dong. Sebab di sana punya aturan sendiri."
2019-11-12 21:56:42+00:00,"Hadang Jenggot, Celana Cingkrang dan Cadar, Pemerintah Bentuk Taskforce dan Portal Aduan Radikalisme ASN - LUGAS-Potensi Rakyat dijebak saling fitnah. "
2019-11-12 14:20:19+00:00,"Di awal masa jabatan, Fachrul Razi langsung memantik kontroversi. Mulai dari larangan cadar & celana cingkrang di lingkungan ASN, doa campuran Bahasa Arab &amp; Indonesia, hingga menulis ulang buku pelajaran agama. #MataNajwaSengatanMenteriAgama. Rabu (13/11) LIVE 20.00 WIB @TRANS7."
2019-11-12 14:16:12+00:00,Kemarin hanya gara2 aturan celana cingkrang dan cadar untuk ASN para pemilik surga dari pegawai rendahan sampai anggota dewan terhormat teriak soal UUD'45 pasal 29 ayat 2...tapi ada kejadian seperti ini langsung mingkem dan pura2 gak tau...dasar munafik!! 
2019-11-12 08:06:45+00:00,"kalau yang terpapar maling bagaimana? maling uang rakyat paling banyak dilakukan ASN, perampok uang rakyat lebih bahaya dari sekedar jenggot dan celana cingkrang! "
2019-11-12 06:58:48+00:00,"Wakil Ketua Komisi VIII DPR dari Fraksi Gerindra, Muklas Sidik mengusulkan agar Menteri Agama Fachrul Razi tegas saja mengeluarkan aturan yang melarang aparatur sipil negara (ASN) mengenakan cadar dan celana cingkrang. - Nasional http://Tempo.co"
2019-11-12 03:31:02+00:00,"Yg dibutuhkan skrg bkn lg gagasan apalg debat! Tp Aturan yg mengikat bhw 1. Khilafah terlarang 2. Cingkrang&amp;cadar dilarang sbg seragam ASN &amp; pejabat negara 3. hilangkan gagasan wisata ramah muslim! Bsk kan muncul ramah agama lainnya, kelompok ttt, ramah LGBT ngeri pak!"
2019-11-11 14:40:50+00:00,"Di media rame disebutkan @Kemenag_RI Fahrur Razi melarang Cadar, benarkah demikian? Orang pake Cadar dipersilahkan, tapi kalau di kementrian dibuat (larangan cadar &amp; cingkrang) di TNI, ASN gak boleh, ya iya dong, disana kan punya aturannya sendiri. "
2019-11-11 14:02:38+00:00,"Sdh seharusnya menteri berbicara soal cadar dan celanan cingkrang dilingkungan ASN dan PNS karena sdh ada aturannya. Diluar dinas maka bebas bagi mereka untuk berpakaian cingkrang ,cadar.jd jgn diplintir pidato pak menteri agama."
2019-11-11 11:42:28+00:00,Peraturan Menteri Dalam Negeri Nomor 6 Tahun 2016 mewajibkan ASN pria mengenakan celana panjang yang menutupi mata kaki. Sedangkan ujung celana cingkrang di atas mata kaki. Jadi mereka yang bekerja di institusi seharusnya mengikuti aturan yang berlaku. 
2019-11-11 10:54:38+00:00,"Menteri Agama Fachrur Razi menegaskan, Silahkan orang mau pakai cadar, tapi kalau di kementerian dibuat ( larangan cadar dan cingkrang), di TNI tidak diperbolehkan, ASN juga, ya pasti dong. Sebab di sana punya aturan sendiri."
2019-11-11 10:14:37+00:00,"Pakai cadar.. Silahkan... Tapi kalau di kementrian,TNI dan ASN Jelas ga boleh(cadar/cingkrang) ikuti saja aturanya saja. Sama halnya kenapa ASN/TNI kalau nugas ga pakai sarung.!! Lagian cadar dan sarung bukan ukuran ketaqwaan seseorang. @AmbarwatiRexy @p_politik @03_nakula"
2019-11-11 10:00:02+00:00,"Cingkrang Cangkring, Cadar Cadur, gak ada kaitannya dengan Radikal Radikul. Lebih baik pemerintah membuat peraturan standar berpakaian ASN. Dan untuk instalasi Pemerintah atau Ruang Publik tertentu dilarang menggunakan penutup wajah."
2019-11-11 08:44:34+00:00,"Pak menag @Kemenag_RI, buat aturan untuk ASN gak boleh pakai cadar gak boleh celana cingkrang.. eeehhh.. Yang diluar pada protes.."
2019-11-11 07:57:07+00:00,"Kemarin sempet Rame, katanya Menag ngelarang pakai Cadar dan celana cingkrang. Ya kalau aturan itu untuk ASN atau Pegawai di bawah Kemenag ya wajib ditaati dong. Toh setelah pulang kerja, mau pakai apa aja bebas."
2019-11-11 07:05:37+00:00,"Katanya toleransi, toleransi itu adalah memahami perbedaan bukan memaksakan, kalau ada yang cingkrang atau cadar mari di hormati untuk bekerja di manapun jadi ASN atau yg lainnya, mereka memiliki kesempatan yg sama untuk memakmurkan negeri,itulah konsekuensi toleransi"
2019-11-11 06:42:16+00:00,"https://nasional.tempo.co/amp/1269585/gerindra-usulkan-fachrul-razi-buat-aturan-asn-dilarang-bercadar Wakil Ketua Komisi VIII DPR dari Fraksi Gerindra, Muklas Sidik mengusulkan agar Menteri Agama Fachrul Razi tegas saja mengeluarkan aturan yang melarang aparatur sipil negara (ASN) mengenakan cadar dan celana cingkrang."
2019-11-11 06:03:15+00:00,Menag Sindir ASN yang Pakai Celana Cingkrang - VIVAnews 
2019-11-11 03:45:07+00:00,"Kabupaten Gorontalo ASN bebas bercadar dan celana Cingkrang, iyah dong itu kan hak asasi setiap orang,para biarawati dan suster pake Jilbab bebas berseliweran Dimana mana kita senang aja tuh, indahnya kebebasan di rusak oleh tukang bikin gaduh yang justru ada di jantung istana "
2019-11-11 03:24:13+00:00,"Pdhl kl ASN yg pakai celana cingkrang dan cadar. Dijamin, itu orang akan sangat amanah. Makanya mrk blingsatan krn peluang utk kkn jd makin sempit krn diawasin trs sm ikwan dan akhwat garis lurus"
2019-11-11 02:33:19+00:00,"Si Zul ga usah di dengerin orang jahiliyah bin kolot bermuka 2 mmg sperti itu, ASN dipaksa hrs mengikuti kemauannya dia, pdhl dilarang memakai cadar &amp; celana cingkrang itu termasuk disiplin berpakaian"
2019-11-11 01:51:20+00:00,Standar ganda banget sih om? Skrg ngomong peraturan IPD2LT buat ASN harus ditegakkan. Tapi kmren peraturan seragam (no celana cingkrang &amp; cadar) ditentang. 'Adilah sejak dalam pikiran' - PAT
2019-11-11 00:03:57+00:00,Buya Syafii Ma'arif ajak ASN untuk memakai pakaian nasional saat bekerja. Pemakaian celana cingkrang dan cadar sebuah simbol dari sebuah paham yg kalau nggak hati2 bisa berbahaya. https://m.detik.com/news/berita-jawa-tengah/d-4779397/polemik-celana-cingkrang-buya-mari-pakai-pakaian-nasional?utm_term=echoboxauto&amp;utm_campaign=detikcomsocmed&amp;utm_medium=oa&amp;utm_content=detikcom&amp;utm_source=Facebook @sudrajatasep17 @BHD_8 @LisdiyantoR @RoellyRosuli @Fandiofficial__ @Bnie18
2019-11-10 23:48:45+00:00,Buya Syafii Ma'arif ajak ASN untuk memakai pakaian nasional saat bekerja. Pemakaian celana cingkrang dan cadar sebuah simbol dari sebuah paham yang kalau nggak hati-hati bisa berbahaya. https://m.detik.com/news/berita-jawa-tengah/d-4779397/polemik-celana-cingkrang-buya-mari-pakai-pakaian-nasional?utm_term=echoboxauto&amp;utm_campaign=detikcomsocmed&amp;utm_medium=oa&amp;utm_content=detikcom&amp;utm_source=Facebook @Gregorius841 @Avilla_21 @Yaspayelunggam1 @natadiningrat99 @SoffiAgus
2019-11-10 20:44:58+00:00,Mantan Ketum PP Muhammadiyah pun mengajak untuk berpakaian sesuai peraturan di instansi pemerintahan.. Klo memang berat untuk meninggalkan cadar dan celana cingkrang ya jgn bekerja jd Pegawai ASN di pemerintahan.. hehe 
2019-11-10 16:03:55+00:00,"""Padahal berpakaian itu kan ada maqomnya. Maka, bapak tidak usah ragu-ragu kalau mau membuat kebijakan. Kalau ke kantor enggak boleh pakai cadar dan celana cingkrang, selesai. Kalau enggak, ya, jangan jadi ASN dong,"" ujar Muklas "
2019-11-10 15:49:27+00:00,Mayoritas Anggota DPR Menolak Larangan Cadar Dan Celana Cingkrang. . Dukungan Hanya Datang Dari Moekhlas Sidik Dari Fraksi GERINDRA Yang Berlatar Belakang Tentara. Dengan Alasan Aturan Berpakaian Bagi ASN Memiliki Aturan Tersendiri. . 
2019-11-10 12:53:40+00:00,"Menolak cadar dan cingkrang karena Terorisme dan Radikalisme itu rasis sih. Tapi gw setuju kalo emang ASN/PNS ya tidak menggunakan kedua tersebut dengan alasan kerapian. Bukan rasis, tapi emang kita boleh kerja pake sarung, celana pendek, bahkan pake topi di kantor aja pst dtgur."
2019-11-10 11:00:54+00:00,Tito Ke : ASN dibayar Negara Terus sumber uang negara emg dari siapa yaaaaa???? Uang negara itu dari Rakyat bukan dari pribadinya presiden ya kan??? Jadi ga ush pd ngatur dong...sbgai rakyat ga ada yg keberatan kok sama cadar &amp; cingkrang. Sibuk amat ngurusin yg bukan urusannya!
2019-11-10 07:59:45+00:00,"GobLok!!yg dilarang CINGKRANG,CADAR itu ASN,CERAMAH yg d awasi itu yg mengndung unsr PROVOKATIVE,ENTE jgn memFRAMING berita menjdi seperti isi kpla ente!!! "
2019-11-10 04:16:58+00:00,"Emang bodoh kau Turangga, celana cingkrang dilarang bagi yg ASN, kalo gak ASN ya silahkan aja, mau pake celana cingkrang, mau gak pake celana sekalian juga gak masalah, asalkan gak ASN. Dasar paok bin goblok kau. Pahami dulu permasalahanya baru kau komentar"
2019-11-10 04:00:20+00:00,Ya bodo amat lo mo cingkrang....jenggotan atw apalah....emang lo ASN ??? 
2019-11-10 03:48:54+00:00,"Patut diduga, ketika publik diam, nanti cadar dan celana cingkrang dilarang di kalangan ASN. Padahal mayoritas ASN kan juga beragama Islam dan mereka juga wajib terikat syariat Islam. . Saudara-saudara kita yang jadi ASN butuh suara-suara vokal kita-kita yang di luar ASN."
2019-11-09 23:51:05+00:00,"ASN harus bebas dari cadar dan cingkrang.Busana itu bahasa tubuh ada kaitanya dg budaya dan ideologi.Terbukti kan...setiap ada bom meledak,setelah diselidiki istrinya pake cadar,hidupnya exlusif ya itu sebagai pertanda...bahwa radikalisme,busana,sikap,bdya..."
2019-11-09 22:56:28+00:00,"hmm.. Bener itu, paling pancasila kok ndak mengamalkan nilai-nilai pancasila Ketuhanan yang Maha Esa, seperti mendukung rencana pemerintah melarang penggunaan cadar and celana cingkrang di ASN sedangkan ASN yang pakaiannya ketat and and roknya pendek ndak dipermasalahkan .."
2019-11-09 21:59:56+00:00,Semua tergantung situasi dan kondisi... Cadar dan cingkrang cuma di pemerintah kalau tdk suka yg berhenti jadi ASN.. Pengusiran dan pengawasan penceramah itu wajar karena harus waspada terhadap isi ceramah yg sesat dan ujaran kebencian..
2019-11-09 15:59:44+00:00,"Terkait dengan pemakaian celana cingkrang dan cadar bagi Aparatur Sipil Negara (ASN) di pemerintahan, Wakil Gubernur Jawa Barat Uu Ruzhanul Ulum mengatakan pihaknya tidak perlu mempersalahkan. #KAMUHARUSTAU"
2019-11-09 15:49:51+00:00,Kan ngelarang dipakai klo jd ASN.. Hadeh.. Apa menteri agama bilang pelarangan pemakaian cadar n celana cingkrang jd pengusaha atau bekerja selain ASN? Kan enggak.. hmm..
2019-11-09 15:04:12+00:00,"http://Realitarakyat.com - Pembahasan larangan celana cingkrang dan cadar kepada Aparat Sipil Negara (ASN), tak perlu harus menguras energi berlebihan. Sebab, ada hal yang lebih besar dari... "
2019-11-09 14:13:25+00:00,"Yg aneh kamu, dari dulu ASN sudah banyak yg celana cingkrang. Gak ada yg melarang, karena memang tidak ada aturan yg melarang. Apa kamu memang gak pernah liat ASN yg celana cingkrang?. Aneh bin ajaib kamu ya."
2019-11-09 13:59:42+00:00,"Kadrun selalu aneh, mana aturan melarang celana cingkrang? Drun, ada aturan ""dilarang merokok"" ...ttp aja merokok, begitu ditanya, ""mana aturan dilarang merokok gudang garam?"" Sudah ada tatacara aturan jgn jadi munafik, ga ikut aturan KELUAR dari ASN..."
2019-11-09 13:35:03+00:00,"Larangan Celana Cingkrang Bagi ASN, Wagub Jabar Tak Permasalahkan https://indozone.id/s/n0s8L5"
2019-11-09 11:44:08+00:00,Pelarangan cadar dan cingkrang ke ASN itu kamuflase..yg byk berpenampilan bgtu justru karywan BUMN2..saya kira ceramah2 oleh org2 radikal ini dilakukan di semua BUMN
2019-11-09 11:35:48+00:00,"Kalau pemerintah menetapkan tata cara berpakaian TNI / ASN ditempat tugas, tidak boleh cingkrang dan bercadar, apakah pemerintahnya dzalim bib?"
2019-11-09 11:22:34+00:00,Wagub Jabar sebut tak permasalahkan larangan celana cingkrang bagi ASN - ANTARA News Jawa Barat 
2019-11-09 11:00:03+00:00,#Daerah Wagub Jabar Tak Mau Mempermasalahkan Penggunaan Celana Cingkrang dan Cadar olh ASN 
2019-11-09 08:14:46+00:00,"orang2 pake cingkrang dan cadar yang ASN, (baca lagi: HANYA ASN) MELANGGAR KETENTUAN BERPAKAIAN SESUAI APARATUR!!! "
2019-11-09 07:51:36+00:00,"Zul2 tiap2 rezim mengikuti perkembangan jaman, skrg jamannya teror yg dilakukan teroris. Wajar klo khatib2 masjid diawasin, larangan cadar dan cingkrang jg udh lama peraturan ASN mmg sperti itu, trus Pemerintah hrs mengikuti jaman Jahiliyah bin kolot sperti anda, nanti dulu"
2019-11-09 07:21:46+00:00,Woy naen dongok! ASN itu ada aturan yg harus dipatuhi kalau ga mau ikut aturan ya jangan jadi ASN! Janga lu puter2 urusan cadar dan celana cingkrang untuk ASN dengan seolah olah pemerintah ngatur cara ibadah orang! Makanya otak jgn kebanyakan dibungkus sprei jdi mkin dongok!
2019-11-09 06:56:31+00:00,Bangsat kau yang tolol Apa hub nya celana cingkrang cadar dgn asn Ko bikin malu leluhurmu krna ko gatau mazhab nya hanafi Klu ko kafir brarti ko lompat pagar dan urus aja kyakinan lu sndiri
2019-11-09 05:43:29+00:00,Wacana larangan penggunaan cadar dan celana cingkrang bagi ASN (aparatur sipil negara) yang digulirkan Menteri Agama Fachrul Razi menuai kontroversi di masyarakat. Wacana larangan penggunaan cadar dan celana… https://www.instagram.com/p/B4oiRmUpgT5/?igshid=18lqk8udfmjiy
2019-11-09 04:58:23+00:00,"Bego, apa hubungan leluhur ke ASN dan celana cingkrang.. Yahhh, yg pasti akunku asli lah, ga pakai akun palsu hehehe.. Malu sama nama dan leluhurmu yaa.."
2019-11-09 04:10:32+00:00,"Larangan cadar dan celana cingkrang itu cm buat ASN, karena memang untuk pakaian ASN ada aturannya..Itupun br wacana dr Menag. Tolong jangan melakukan penyesatan seolah pemerintah anti islam."
2019-11-09 03:04:52+00:00,Saya muslim saya ASN dan sy tdk setuju jika ada teman sy memakai cadar atw laki2 memakai celana cingkrang ketika bertugas punten bukan karena saya benci mereka apalagi anti islam tidak tp karena kita pegawai negara taat aturan pegawai negara wajib hukumnya #LawanManipulatorAgama
2019-11-09 02:24:48+00:00,Pemprov Aceh di kabarkan sangat menentang keputusan menteri agama dan PAN-RB yang isinya adalah pelarangan cadar dan celana cingkrang di kalangan ASN.
2019-11-09 02:02:29+00:00,Pemprov Jateng Persilakan ASN Bercelana Cingkrang 
2019-11-09 00:58:56+00:00,"BUMN itu sarangnya..krn yg diundang ceramah orang2 kyk baiqlah gini..kemenag,kemendagri dan kemenARB itu salah menyuruh ASN tdk bercadar dan bercelana cingkrang..yg disorot itu hrusnya BUMN2..berani gak eric tohir melakukan aturan seragam utk anak2 buahnya???"
2019-11-09 00:58:31+00:00,"Ustadz @ustadtengkuzul mohon maaf. Kalau hanya masuk keluar kantor Pemerintah, mungkin masih mendingan. Mungkin dia sebagai tamu atau orang stress salah masuk gedung. Yang lebih parah, kan adanya isu ASN gak boleh pakai Cadar dan Cingkrang selama bekerja? "
2019-11-09 00:52:03+00:00,Haidar Alwi mendoorng Menag Fachrul Razi segera merealisasikan rencana melarang penggunaan cadar dan celana cingkrang bagi ASN. #laranganbercadar
2019-11-09 00:08:11+00:00,"Aturan ASN gak boleh celana cingkrang mana? Yg bodoh ente. Contoh yg nyata sekarang, orang jamaah tabligh yg jadi ASN banyak. Mereka sebagian pakai celana cingkrang. Mereka bekerja profesional, tidak pernah mengganggu, tidak merugikan negara. Dan tdk ada aturan melarang mereka."
2019-11-08 23:59:36+00:00,"Nah ini nih Mulut Provokator yg suka memelintir...Cadar & Celana Cingkrang itu dilarang hanya Bagi ASN selama jam kerja dlm kantor pemerintahan sbg aturan Kedisiplinan berpakaian, diluar itu terserah masing². Hati sama Isi kepala Loe buruk bener sih..!"
2019-11-08 23:50:01+00:00,Ini salah satu sumbu pendek semua dibungkus dg agama... Gak ngerti yg dibicarakan apa yg dijawab apa... Itu aturan selama dia jadi ASN. Kalau pengen pake cadar atau celana cingkrang silakan saja gak dilarang kok asalkan mengundurkan diri dari ASN.
2019-11-08 23:42:26+00:00,"Mungkin teuku wisnu merasa ASN ya?? Kapan pengangkatan mu bro wisnu. Loe bebas mau pake celana cingkrang atau ndak pake celana sama sekali..itu urusan loe, tp jangan Goblok... Paham"
2019-11-08 22:33:54+00:00,Hanya test the water saja lah itu. Peraturan berpakaian ASN. Ya pakai baju ASN rapi. Dah gitu aja. Mau cingkrang kek cadar gak masalah. Tapi selama ini gw ga pernah liat sih ASN cadaran. Kalau cingkrang banyak tp ya indikatornya yg penting bagus kerjanya.
2019-11-08 22:26:32+00:00,Pemprov Jateng Persilakan ASN Bercelana Cingkrang 
2019-11-08 19:43:13+00:00,Menteri agama tetap bersikukuh asn dilarang pakai cadar dan celana cingkrang Pendapat kalian gimane ges ?
2019-11-08 17:02:29+00:00,"Ora kaya kue cara maine mba, kabeh menungsa dueni tolok ukur dewek, angger menungsa esih bisa mikir dosa ya aja dilarang. Apa maning kon mundur dadi ASN. Ujar2 Negara kie dudu due ne sing nganggo Cadar kambi Katok cingkrang apa? Nek kon mundur mending gnti baen institusine ddi PT"
2019-11-08 14:57:26+00:00,"Semua orang punya hak dan kewajiban d negara ini.masyarakat gk ada yg nglarang kok pke celana cingkrang atw cadar,yg gk boleh itu ASN doang tad,jgn seolah2 jadi semua masyarakat Indonesia dilarang pke celana cingkrang SM cadar.inget tadz...adzab kubur itu pedih..,neraka itu perih"
2019-11-08 14:41:18+00:00,@uas Ini masalah seragam ASN perihal Cingkrang dan Cadar jangan dibawa-bawa ke ranah yang lain 
2019-11-08 14:03:27+00:00,Gubernur Babel Tak Larang ASN Pakai Cadar dan Celana Cingkrang https://www.idtoday.co/2019/11/gubernur-babel-tak-larang-asn-pakai.html
2019-11-08 13:56:46+00:00,"Diluar ASN, silahkan klo mo pake cadar, mo cingkrang sperti sya,, yg ASN ikuti aturan negara.."
2019-11-08 13:48:04+00:00,"Betul, dukung Menag utk tertibkan ASN dr celana cingkrang &amp; cadar. Ini tdk melanggar syariat, krn bukan kewajiban agama. Gunakan seragam sesuai ketentuannya. "
2019-11-08 13:43:01+00:00,"apa hubungannya togog sm org mau make cadar ato cingkrang..... ?? Kalo melarang ASN pria pake kalung, kan waras... masak laki pake kalung... Bgmana, gog togog mudeng gak?? "
2019-11-07 23:01:30+00:00,"Tampil di ILC TV One, Pendiri STIBA Tanggapi Larangan ASN Bercadar dan Celana Cingkrang – Sekolah Tinggi Ilmu Islam dan Bahasa Arab (STIBA) Makassar http://stiba.ac.id/2019/11/06/tampil-di-ilc-tv-one-pendiri-stiba-tanggapi-larangan-asn-bercadar-dan-celana-cingkrang/"
2019-11-07 22:42:40+00:00,Ya terserah kamu saja wisnu... kamu kan bukan ASN... mau jenggot...mau cingkrang... mau crosshijaberpun kita gak peduli... karepmu
2019-11-07 22:25:49+00:00,"Cari makan di NKRI, pakai uang Rupiah, hidup di NKRI, ya TURUTI ATURAN NKRI. Bukan 'mendirikan negara khilaFUCK'. Jadi ASN kok pakai celana cingkrang - cadar. Pakailah celana cingkrang - cadar di LUAR institusi pemerintah NKRI. Citra baik agama Islam jadi jelek gara² kaum radikal"
2019-11-07 18:45:32+00:00,Harusnya ngga sih. Ngga substansif. Tp yg lagi disasar ini soal kepatuhan ASN kpd aturan negara. Kita liat aja issue cingkrang ASN mengarah ke mana
2019-11-07 17:21:39+00:00,"Sorry deh ya kepanasan, cm aneh aja cara berpikir nya yg gk bs menggunakan akal sehat, gak perlu jd seorang ASN untuk mengkritik kebijakan pemerintah? Ada aturan nya? Yg sewodd kan situ sndri kpanasan liat clana cingkrang?? Ap urgentcy jg sama andah?"
2019-11-07 15:58:23+00:00,"Perihal cadar ma cingkrang nggak mau diatur. Giliran hotpants, baju dengan cleavage rendah, tatto, ngatur-ngatur. . Padahal wacana cadar ma cingkrang itu kan utk ASN. Udh pada ribet aje lu pada. Heran."
2019-11-07 15:36:54+00:00,"Saya sebagai rakyat saja blum sejahtera, ini malah mikir seragam, dinamakan rasa itu indonesia ku kini Warisan Belanda, Seragam PNS Tak Cocok, Sarung Maruf Amin dan Celana Cingkrang Jadi Baju Baru ASN? https://www.tribunnews.com/lifestyle/2019/11/06/warisan-belanda-seragam-pns-tak-cocok-sarung-maruf-amin-dan-celana-cingkrang-jadi-baju-baru-asn lewat @tribunnews"
2019-11-07 15:18:45+00:00,Deradikalisasi: ASN dilarang memakai celana cingkrang? Yaela cetek amat pikiran lo bung
2019-11-07 15:17:17+00:00,Yg dilarang kan untuk asn... Orang kerja ikut aturan lah dimana2.. di masyarakat bebas mau cadar cingkrang dilindungi.. kl kerja ya ngikut ga cocok ga kerja
2019-11-07 15:16:52+00:00,"Disinggung Pelarangan Cadar dan Celana Cingkrang, Menag Tegaskan Hanya untuk ASN [News] #TauCepatTanpaBatas ."
2019-11-07 13:26:33+00:00,"Itu hak negara. Karena cadar apakah layak di tempat publik, sebagai pelayan rakyat? Kalo ada tindak kejahatan di balik cadar elo yg tanggung? Kalo soal celana cingkrang, jika ASN boleh cingkrang, tentara perbolehkan cingkrang juga lah. Biar semakin amburadul negara ini."
2019-11-07 11:51:03+00:00,"Disinggung Pelarangan Cadar dan Celana Cingkrang, Menag Tegaskan Hanya untuk ASN #TauCepatTanpaBatas . https://muslim.okezone.com/read/2019/11/07/614/2127062/disinggung-pelarangan-cadar-dan-celana-cingkrang-menag-tegaskan-hanya-untuk-asn"
2019-11-07 11:42:59+00:00,"Tampil di ILC TV One, Pendiri STIBA Tanggapi Larangan ASN Bercadar dan Celana Cingkrang – Sekolah Tinggi Ilmu Islam dan Bahasa Arab (STIBA) Makassar http://stiba.ac.id/2019/11/06/tampil-di-ilc-tv-one-pendiri-stiba-tanggapi-larangan-asn-bercadar-dan-celana-cingkrang/"
2019-11-07 11:28:11+00:00,"Sebagai ASN yang baik, AlhamduLILLAAH celana cingkrang pertama saya produksi iwearzule akan tiba 13 November #iwearcingkrang"
2019-11-07 10:47:26+00:00,"Menteri Agama Fachrul Razi membantah melarang ASN menggunakan cadar maupun celana cingkrang. Selain tidak ada aturan terkait hal tersebut, menurut Razi hal tersebut bukan wewenang Kementerian Agama. "
2019-11-07 10:34:01+00:00,"@ArieKuntung mau pakai cingkrang, sobek, bahkan dia pakai cadar dan jubah, emang dipikirin?? Karena dia orang sipil. Kalo soal ASN itu biar negara yg buat aturan. ASN gak patuh, keluar aja, jadi WN sipil."
2019-11-07 10:31:06+00:00,"#WartaKBB : Soal Wacana ASN Dilarang Memakai Celana Cingkrang dan Cadar, Ini Kata Ketua DPRD KBB "
2019-11-07 10:15:05+00:00,"Pakai Cadar dan Celana Cingkrang, Politikus NasDem: Keluar dari ASN https://sapiompong.me/pakai-cadar-dan-celana-cingkrang-politikus-nasdem-keluar-dari-asn/"
2019-11-07 09:39:05+00:00,"Udah nonton ini,, kesimpulannya, negeri ini ajaib. Islam agama yang diakui di Indonesia, katanya,, tapi kenapa pemeluk agamanya dibatasi dalam menjalankan syariat agama? ASN lah ga boleh celana cingkrang, cadaran,, apa urusannya,,"
2019-11-07 09:00:55+00:00,Semua celana panjang kalo saya pake kok jadi cingkrang ya. Kalo mo daftar jadi asn masi boleh ga sih?
2019-11-07 08:24:34+00:00,"Goblok, saya juga cingkrang Blok, tapi sy bukan ASN..sy orang Paling baik Versi saya"
2019-11-07 08:20:28+00:00,Yth bp. @jokowi .kami Umat islam mayoritas tapi nggak pernah memaksa pemerintah melarang asn pake rok mini padahal itu bikin dosa muslim yg liat tapi knapa cadar dan celana cingkrang yg nggak ngganggu dilarang? Ini visi/misi mentri atau presiden?!?
2019-11-07 07:23:30+00:00,Apa urusannya ama loe... Mau cingkrang... mau cungkring... ASN HARUS TAATI ATURAN.... You now prett
2019-11-07 07:06:01+00:00,Ga nyambung neh Artis ..coba @detikcom tanya ASN yg pake cingkrang dong ahh.... 
2019-11-07 06:50:20+00:00,"Teungku Wisnu bukan jadi ASN, tapi ditanya pendapat sebagai orang yang hijrah ngelakuin sunnahnya Rasul (celana cingkrang &amp; berjenggot) seumpama golongannya jadi ASN, ciiw :)"
2019-11-07 06:11:39+00:00,"Yg dibahas kan ASN,gk minat bahas lo. Lagian Saya tidak takut,,Karena Saya juga parnah cingkrang,,tapi pas musim banjir saja. Teuku Wisnu: Saya Cingkrang, Masa Kamu Takut? - VIVA "
2019-11-07 05:59:50+00:00," perasaan yang bisa menilai baik tidaknya itu orang lain boss. Lagian ini untuk ASN. Emang anda ASN??? @EdyGypsum @abil_habibi @AmbarwatiRexy Teuku Wisnu: Saya Berjenggot &amp; Bercelana Cingkrang, Alhamdulillah Baik "
2019-11-07 05:53:27+00:00,Lagian Yg dibahas itu bukan soal janggut dan cingkrang ada hubungan dng baik atau alim tpi yg dibhas aturan berpakaian ASN.ASN yg mau cingkrang boleh asal bukan lagi pake pakaian dinas.
2019-11-07 05:44:32+00:00,"Massoooook....!! Gak nanya tuuhh Mau pakai cingkrang &amp; cadar itu hak siapapun, yg di bhs aturan ASN. Piknik yuuukk.. #ShutdownAnggaranSiluman https://m.detik.com/hot/celeb/d-4773624/teuku-wisnu-saya-berjenggot--bercelana-cingkrang-alhamdulillah-baik?tag_from=mnews_bacajuga&amp;_ga=2.160490232.478202111.1572331370-1329003838.1572331370#Echobox=1573038241"
2019-11-07 05:31:28+00:00,"Di Kabupaten Gorontalo, ASN boleh Pakai Cadar dan Celana Cingkrang - http://60dtk.com https://60dtk.com/di-kabupaten-gorontalo-asn-boleh-pakai-cadar-dan-celana-cingkrang/"
2019-11-07 05:23:01+00:00,Berita ttg cadar & cingkrang msk larangan ranah ASN..slm hdupku lihat ASN bercadar &amp; cingkrang ga pernah lihat..hijab aja jarang 
2019-11-07 05:21:58+00:00,"Yg dilarang itu ASN, itupun dilarangnya di wilayah kantor. Di luar itu ya bebas, mau pke cingkrang, mau pke cadar, mau ceplok seterah. Gitu aja gak ngerti!"
2019-11-07 04:19:34+00:00,"itu kan hanya untuk kalangan ASN yang sedang bekerja.. kalau bukan ASN.. mau pakai celana cingkrang, celana pendek atau tidak pakai celana sekalipun terserah ente bro.."
2019-11-07 04:11:39+00:00,"Kalau melarang cadar sih masuk akal juga untuk pencegahan teroris atau paham crosshijaber barang kali. Lha tapi kalau celana cingkrang? Tapi ya sudahlah lagi pula itu kan khusus ASN saja, kita sendiri juga nggak tahu lah taktik pemerintah secara rinci, berpikir positif saja."
2019-11-07 04:06:47+00:00,"@ArieKuntung Kalo goblog liat2 tempat tung, Yang dibahas asn, Kalau ga ada aturan, ntar asn boleh pake gamis ato bikini. Celana lo boleh cingkrang, otak lo jangan tung...."
2019-11-07 04:02:24+00:00,"byk yg salah paham sama pernyataan menteri agama & asn dah tentang cingkrang &amp; cadar. Yg tdk diperbolehkan kan dikalangan ASN saat ssdang bekerja, diluar jam kerja mau cingkrang &amp; cadar itu bebas. Dan yg bukan ASN hak siapa saja mau pake cadar atau celana cingkrang."
2019-11-07 03:52:05+00:00,"Lagi riuh soal cadar dan cingkrang, padahal pemakai cadar dan cingkrang fine2 aja tuh.. Cuma bagi PNS/ASN di larang DI KANTOR krn ada aturannya.. Tpi kok banyak yg ngamukan, yg bukan PNS/ASN..lucu"
2019-11-07 03:42:02+00:00,"Di Kabupaten Gorontalo, ASN boleh Pakai Cadar dan Celana Cingkrang - http://60dtk.com https://60dtk.com/di-kabupaten-gorontalo-asn-boleh-pakai-cadar-dan-celana-cingkrang/"
2019-11-07 03:38:11+00:00,Disini kadang orang engga pada paham yg dibahas larangan celana cingkrang itu hanya untuk mereka yg berkerja dikantor pemerintah @Kemenag_RI tidak melarang untuk semua ASN juga itu waktu dikantor saja setelah pulang kantor terserah
2019-11-07 03:34:25+00:00,Wlo mau cingkrang mau jenggot selama bukan ASN ya terserah lo..
2019-11-07 03:28:05+00:00,"#kom8 Yandri @Fraksi_PAN #Banten2: Kami juga akan mengonfirmasi isu-isu aktual terkait celana cingkrang dan cadar di kalangan ASN, mohon ini Pak Menteri mengklarifikasinya dan terlalu dini untuk menyimpulkan celana cingkrang itu radikal."
2019-11-07 02:59:13+00:00,"Emang kalo ASN celana cingkrang kenapa?, Apakah ganggu kinerja seorang ASN."
2019-11-07 02:59:11+00:00,"Setuju bgt bli. Mau jengotan, mau bercadar, mau celana cingkrang, terserah. Tapi kali pegawai ASN dan tetap pada style paham keyakinannya, JANGAN JADI PNS/APARAT NEGARA!!! Karena negara, lembaga/instansi pemerintah punya standar dan aturan."
2019-11-07 02:53:09+00:00,"maksudnya orang yang berjenggot dan cingkrang itu baik, terlepas ASN atau bukan. klo pemerintah melarang ASN coba jelaskan alasannya"
2019-11-07 02:34:21+00:00,"Yg di bicakan itu aturan seragam di ASN...lo mau cingkrang, jenggotan, niqob..gak ada masalah tong !!! Lo kan bukan ASN..susah amet sih mikirnya !!!"
2019-11-07 02:30:24+00:00,"Cadar dan celana cingkrang boleh, kecuali seragam ASN "
2019-11-07 02:30:00+00:00,"Cadar dan celana cingkrang boleh, kecuali seragam ASN "
2019-11-07 02:29:25+00:00,"Setuju banget. Dan cari narsum yang mengerti permasalahannya. Point nya, ASN, Celana Cingkrang, Bewok, Cadar. Semoga membantu "
2019-11-07 02:29:11+00:00,"Cadar dan celana cingkrang boleh, kecuali seragam ASN "
2019-11-07 02:27:59+00:00,"Cadar dan celana cingkrang boleh, kecuali seragam ASN "
2019-11-07 02:27:24+00:00,"Cadar dan celana cingkrang boleh, kecuali seragam ASN "
2019-11-07 02:19:03+00:00,Wasekjen MUI KH. Zaitun Rasmin Tanggapi Larangan ASN Pakai Cadar &amp; Celana Cingkrang || ILC (5/11/19) 
2019-11-07 02:17:28+00:00,Simak diyoutube agar paham. Menag tdk mearang jk cadar/cingkrang dipakai ditempat umum. Ia cuma anjurkan agar keamanan dilingkup instansi pemerinrah ditingkatkan&amp;jg utk kedisiplinan asn.jgn framing lbh dari itu! Narasi bantahan yandri susanto justru keluar substansi narasi menag! 
2019-11-07 02:06:21+00:00,Pa @mohmahfudmd seandainya... ada aturan ASN yg ber agama nasrani di larang memakai kalung salib... bukan kah ini melanggar hak asasi... dan tidak seharusnya da aturan yg melanggar HAM... Seperti hal nya aturan pelarangan celana cingkrang. Mengapa ada aturan yg melanggar ham
